49.4093582,8.694724,Heidelberg,Germany
52.5170365,13.3888599,Berlin,Germany
51.5142273,7.4652789,Dortmund,Germany
51.3406321,12.3747329,Leipzig,germany
51.0493286,13.7381437,Dresden,Germany
49.489591,8.467236,Mannheim,Germany
49.0068705,8.4034195,karlsruhe,Germany
